[{"name":"Difícil","description":"com.example.receapp.Clases.Dificultad.Difícil","location":"app/com.example.receapp.Clases/-dificultad/-difícil/index.html","searchKeys":["Difícil","Difícil","com.example.receapp.Clases.Dificultad.Difícil"]},{"name":"Entrante","description":"com.example.receapp.Clases.Tipo.Entrante","location":"app/com.example.receapp.Clases/-tipo/-entrante/index.html","searchKeys":["Entrante","Entrante","com.example.receapp.Clases.Tipo.Entrante"]},{"name":"Frutos","description":"com.example.receapp.Clases.Alergenos.Frutos","location":"app/com.example.receapp.Clases/-alergenos/-frutos/index.html","searchKeys":["Frutos","Frutos","com.example.receapp.Clases.Alergenos.Frutos"]},{"name":"Fácil","description":"com.example.receapp.Clases.Dificultad.Fácil","location":"app/com.example.receapp.Clases/-dificultad/-fácil/index.html","searchKeys":["Fácil","Fácil","com.example.receapp.Clases.Dificultad.Fácil"]},{"name":"Gluten","description":"com.example.receapp.Clases.Alergenos.Gluten","location":"app/com.example.receapp.Clases/-alergenos/-gluten/index.html","searchKeys":["Gluten","Gluten","com.example.receapp.Clases.Alergenos.Gluten"]},{"name":"Huevos","description":"com.example.receapp.Clases.Alergenos.Huevos","location":"app/com.example.receapp.Clases/-alergenos/-huevos/index.html","searchKeys":["Huevos","Huevos","com.example.receapp.Clases.Alergenos.Huevos"]},{"name":"Marisco","description":"com.example.receapp.Clases.Alergenos.Marisco","location":"app/com.example.receapp.Clases/-alergenos/-marisco/index.html","searchKeys":["Marisco","Marisco","com.example.receapp.Clases.Alergenos.Marisco"]},{"name":"Media","description":"com.example.receapp.Clases.Dificultad.Media","location":"app/com.example.receapp.Clases/-dificultad/-media/index.html","searchKeys":["Media","Media","com.example.receapp.Clases.Dificultad.Media"]},{"name":"Postre","description":"com.example.receapp.Clases.Tipo.Postre","location":"app/com.example.receapp.Clases/-tipo/-postre/index.html","searchKeys":["Postre","Postre","com.example.receapp.Clases.Tipo.Postre"]},{"name":"Principal","description":"com.example.receapp.Clases.Tipo.Principal","location":"app/com.example.receapp.Clases/-tipo/-principal/index.html","searchKeys":["Principal","Principal","com.example.receapp.Clases.Tipo.Principal"]},{"name":"abstract fun onPositiveButtonClicked(value: Tipo?, alergenos: List<String>)","description":"com.example.receapp.DialogFragmentListener.onPositiveButtonClicked","location":"app/com.example.receapp/-dialog-fragment-listener/on-positive-button-clicked.html","searchKeys":["onPositiveButtonClicked","abstract fun onPositiveButtonClicked(value: Tipo?, alergenos: List<String>)","com.example.receapp.DialogFragmentListener.onPositiveButtonClicked"]},{"name":"class DBHelper(context: Context) : SQLiteOpenHelper","description":"com.example.receapp.DBHelper","location":"app/com.example.receapp/-d-b-helper/index.html","searchKeys":["DBHelper","class DBHelper(context: Context) : SQLiteOpenHelper","com.example.receapp.DBHelper"]},{"name":"class DepthPageTransformer : ViewPager.PageTransformer","description":"com.example.receapp.Activities.DepthPageTransformer","location":"app/com.example.receapp.Activities/-depth-page-transformer/index.html","searchKeys":["DepthPageTransformer","class DepthPageTransformer : ViewPager.PageTransformer","com.example.receapp.Activities.DepthPageTransformer"]},{"name":"class FilterFragment : DialogFragment","description":"com.example.receapp.Fragments.FilterFragment","location":"app/com.example.receapp.Fragments/-filter-fragment/index.html","searchKeys":["FilterFragment","class FilterFragment : DialogFragment","com.example.receapp.Fragments.FilterFragment"]},{"name":"class MainActivity : AppCompatActivity, DialogFragmentListener","description":"com.example.receapp.MainActivity","location":"app/com.example.receapp/-main-activity/index.html","searchKeys":["MainActivity","class MainActivity : AppCompatActivity, DialogFragmentListener","com.example.receapp.MainActivity"]},{"name":"class PasosAdapter(pasos: List<String>) : PagerAdapter","description":"com.example.receapp.adapter.PasosAdapter","location":"app/com.example.receapp.adapter/-pasos-adapter/index.html","searchKeys":["PasosAdapter","class PasosAdapter(pasos: List<String>) : PagerAdapter","com.example.receapp.adapter.PasosAdapter"]},{"name":"class PreparacionActivity : AppCompatActivity","description":"com.example.receapp.Activities.PreparacionActivity","location":"app/com.example.receapp.Activities/-preparacion-activity/index.html","searchKeys":["PreparacionActivity","class PreparacionActivity : AppCompatActivity","com.example.receapp.Activities.PreparacionActivity"]},{"name":"class RecetaActivity : AppCompatActivity","description":"com.example.receapp.Activities.RecetaActivity","location":"app/com.example.receapp.Activities/-receta-activity/index.html","searchKeys":["RecetaActivity","class RecetaActivity : AppCompatActivity","com.example.receapp.Activities.RecetaActivity"]},{"name":"class RecetaAdapter(recetas: List<Receta>) : RecyclerView.Adapter<RecetaViewHolder> ","description":"com.example.receapp.adapter.RecetaAdapter","location":"app/com.example.receapp.adapter/-receta-adapter/index.html","searchKeys":["RecetaAdapter","class RecetaAdapter(recetas: List<Receta>) : RecyclerView.Adapter<RecetaViewHolder> ","com.example.receapp.adapter.RecetaAdapter"]},{"name":"class RecetaProvider","description":"com.example.receapp.DataBase.RecetaProvider","location":"app/com.example.receapp.DataBase/-receta-provider/index.html","searchKeys":["RecetaProvider","class RecetaProvider","com.example.receapp.DataBase.RecetaProvider"]},{"name":"class RecetaViewHolder(view: View) : RecyclerView.ViewHolder","description":"com.example.receapp.adapter.RecetaViewHolder","location":"app/com.example.receapp.adapter/-receta-view-holder/index.html","searchKeys":["RecetaViewHolder","class RecetaViewHolder(view: View) : RecyclerView.ViewHolder","com.example.receapp.adapter.RecetaViewHolder"]},{"name":"constructor()","description":"com.example.receapp.Activities.DepthPageTransformer.DepthPageTransformer","location":"app/com.example.receapp.Activities/-depth-page-transformer/-depth-page-transformer.html","searchKeys":["DepthPageTransformer","constructor()","com.example.receapp.Activities.DepthPageTransformer.DepthPageTransformer"]},{"name":"constructor()","description":"com.example.receapp.Activities.PreparacionActivity.PreparacionActivity","location":"app/com.example.receapp.Activities/-preparacion-activity/-preparacion-activity.html","searchKeys":["PreparacionActivity","constructor()","com.example.receapp.Activities.PreparacionActivity.PreparacionActivity"]},{"name":"constructor()","description":"com.example.receapp.Activities.RecetaActivity.RecetaActivity","location":"app/com.example.receapp.Activities/-receta-activity/-receta-activity.html","searchKeys":["RecetaActivity","constructor()","com.example.receapp.Activities.RecetaActivity.RecetaActivity"]},{"name":"constructor()","description":"com.example.receapp.DataBase.RecetaProvider.RecetaProvider","location":"app/com.example.receapp.DataBase/-receta-provider/-receta-provider.html","searchKeys":["RecetaProvider","constructor()","com.example.receapp.DataBase.RecetaProvider.RecetaProvider"]},{"name":"constructor()","description":"com.example.receapp.Fragments.FilterFragment.FilterFragment","location":"app/com.example.receapp.Fragments/-filter-fragment/-filter-fragment.html","searchKeys":["FilterFragment","constructor()","com.example.receapp.Fragments.FilterFragment.FilterFragment"]},{"name":"constructor()","description":"com.example.receapp.MainActivity.MainActivity","location":"app/com.example.receapp/-main-activity/-main-activity.html","searchKeys":["MainActivity","constructor()","com.example.receapp.MainActivity.MainActivity"]},{"name":"constructor(context: Context)","description":"com.example.receapp.DBHelper.DBHelper","location":"app/com.example.receapp/-d-b-helper/-d-b-helper.html","searchKeys":["DBHelper","constructor(context: Context)","com.example.receapp.DBHelper.DBHelper"]},{"name":"constructor(nombre: String, dificultad: Dificultad, imagen: String, ingredientes: List<String>, pasos: List<String>, duracion: Int, tipo: Tipo, alergenos: List<Alergenos>)","description":"com.example.receapp.Clases.Receta.Receta","location":"app/com.example.receapp.Clases/-receta/-receta.html","searchKeys":["Receta","constructor(nombre: String, dificultad: Dificultad, imagen: String, ingredientes: List<String>, pasos: List<String>, duracion: Int, tipo: Tipo, alergenos: List<Alergenos>)","com.example.receapp.Clases.Receta.Receta"]},{"name":"constructor(pasos: List<String>)","description":"com.example.receapp.adapter.PasosAdapter.PasosAdapter","location":"app/com.example.receapp.adapter/-pasos-adapter/-pasos-adapter.html","searchKeys":["PasosAdapter","constructor(pasos: List<String>)","com.example.receapp.adapter.PasosAdapter.PasosAdapter"]},{"name":"constructor(recetas: List<Receta>)","description":"com.example.receapp.adapter.RecetaAdapter.RecetaAdapter","location":"app/com.example.receapp.adapter/-receta-adapter/-receta-adapter.html","searchKeys":["RecetaAdapter","constructor(recetas: List<Receta>)","com.example.receapp.adapter.RecetaAdapter.RecetaAdapter"]},{"name":"constructor(view: View)","description":"com.example.receapp.adapter.RecetaViewHolder.RecetaViewHolder","location":"app/com.example.receapp.adapter/-receta-view-holder/-receta-view-holder.html","searchKeys":["RecetaViewHolder","constructor(view: View)","com.example.receapp.adapter.RecetaViewHolder.RecetaViewHolder"]},{"name":"data class Receta(val nombre: String, val dificultad: Dificultad, val imagen: String, val ingredientes: List<String>, val pasos: List<String>, val duracion: Int, val tipo: Tipo, val alergenos: List<Alergenos>) : Serializable","description":"com.example.receapp.Clases.Receta","location":"app/com.example.receapp.Clases/-receta/index.html","searchKeys":["Receta","data class Receta(val nombre: String, val dificultad: Dificultad, val imagen: String, val ingredientes: List<String>, val pasos: List<String>, val duracion: Int, val tipo: Tipo, val alergenos: List<Alergenos>) : Serializable","com.example.receapp.Clases.Receta"]},{"name":"enum Alergenos : Enum<Alergenos> ","description":"com.example.receapp.Clases.Alergenos","location":"app/com.example.receapp.Clases/-alergenos/index.html","searchKeys":["Alergenos","enum Alergenos : Enum<Alergenos> ","com.example.receapp.Clases.Alergenos"]},{"name":"enum Dificultad : Enum<Dificultad> ","description":"com.example.receapp.Clases.Dificultad","location":"app/com.example.receapp.Clases/-dificultad/index.html","searchKeys":["Dificultad","enum Dificultad : Enum<Dificultad> ","com.example.receapp.Clases.Dificultad"]},{"name":"enum Tipo : Enum<Tipo> ","description":"com.example.receapp.Clases.Tipo","location":"app/com.example.receapp.Clases/-tipo/index.html","searchKeys":["Tipo","enum Tipo : Enum<Tipo> ","com.example.receapp.Clases.Tipo"]},{"name":"fun actualizarBotones()","description":"com.example.receapp.Activities.PreparacionActivity.actualizarBotones","location":"app/com.example.receapp.Activities/-preparacion-activity/actualizar-botones.html","searchKeys":["actualizarBotones","fun actualizarBotones()","com.example.receapp.Activities.PreparacionActivity.actualizarBotones"]},{"name":"fun addNewRecipesToDatabase()","description":"com.example.receapp.MainActivity.addNewRecipesToDatabase","location":"app/com.example.receapp/-main-activity/add-new-recipes-to-database.html","searchKeys":["addNewRecipesToDatabase","fun addNewRecipesToDatabase()","com.example.receapp.MainActivity.addNewRecipesToDatabase"]},{"name":"fun addReceta(receta: Receta, db: SQLiteDatabase)","description":"com.example.receapp.DBHelper.addReceta","location":"app/com.example.receapp/-d-b-helper/add-receta.html","searchKeys":["addReceta","fun addReceta(receta: Receta, db: SQLiteDatabase)","com.example.receapp.DBHelper.addReceta"]},{"name":"fun avanzarPaso()","description":"com.example.receapp.Activities.PreparacionActivity.avanzarPaso","location":"app/com.example.receapp.Activities/-preparacion-activity/avanzar-paso.html","searchKeys":["avanzarPaso","fun avanzarPaso()","com.example.receapp.Activities.PreparacionActivity.avanzarPaso"]},{"name":"fun checkDatabaseExists(): Boolean","description":"com.example.receapp.MainActivity.checkDatabaseExists","location":"app/com.example.receapp/-main-activity/check-database-exists.html","searchKeys":["checkDatabaseExists","fun checkDatabaseExists(): Boolean","com.example.receapp.MainActivity.checkDatabaseExists"]},{"name":"fun convertirPalabraAMinutos(palabra: String): Long?","description":"com.example.receapp.Activities.PreparacionActivity.convertirPalabraAMinutos","location":"app/com.example.receapp.Activities/-preparacion-activity/convertir-palabra-a-minutos.html","searchKeys":["convertirPalabraAMinutos","fun convertirPalabraAMinutos(palabra: String): Long?","com.example.receapp.Activities.PreparacionActivity.convertirPalabraAMinutos"]},{"name":"fun createDatabase()","description":"com.example.receapp.DBHelper.createDatabase","location":"app/com.example.receapp/-d-b-helper/create-database.html","searchKeys":["createDatabase","fun createDatabase()","com.example.receapp.DBHelper.createDatabase"]},{"name":"fun extractDuration(command: String): Long","description":"com.example.receapp.Activities.PreparacionActivity.extractDuration","location":"app/com.example.receapp.Activities/-preparacion-activity/extract-duration.html","searchKeys":["extractDuration","fun extractDuration(command: String): Long","com.example.receapp.Activities.PreparacionActivity.extractDuration"]},{"name":"fun getExistingRecipeIds(db: SQLiteDatabase): List<String>","description":"com.example.receapp.DBHelper.getExistingRecipeIds","location":"app/com.example.receapp/-d-b-helper/get-existing-recipe-ids.html","searchKeys":["getExistingRecipeIds","fun getExistingRecipeIds(db: SQLiteDatabase): List<String>","com.example.receapp.DBHelper.getExistingRecipeIds"]},{"name":"fun getReceta(cursor: Cursor): Receta","description":"com.example.receapp.DBHelper.getReceta","location":"app/com.example.receapp/-d-b-helper/get-receta.html","searchKeys":["getReceta","fun getReceta(cursor: Cursor): Receta","com.example.receapp.DBHelper.getReceta"]},{"name":"fun getSelectedAlergenos(): List<String>","description":"com.example.receapp.Fragments.FilterFragment.getSelectedAlergenos","location":"app/com.example.receapp.Fragments/-filter-fragment/get-selected-alergenos.html","searchKeys":["getSelectedAlergenos","fun getSelectedAlergenos(): List<String>","com.example.receapp.Fragments.FilterFragment.getSelectedAlergenos"]},{"name":"fun iniciarReconocimientoVoz()","description":"com.example.receapp.Activities.PreparacionActivity.iniciarReconocimientoVoz","location":"app/com.example.receapp.Activities/-preparacion-activity/iniciar-reconocimiento-voz.html","searchKeys":["iniciarReconocimientoVoz","fun iniciarReconocimientoVoz()","com.example.receapp.Activities.PreparacionActivity.iniciarReconocimientoVoz"]},{"name":"fun insetarRecetasBDD(recetas: List<Receta>)","description":"com.example.receapp.MainActivity.insetarRecetasBDD","location":"app/com.example.receapp/-main-activity/insetar-recetas-b-d-d.html","searchKeys":["insetarRecetasBDD","fun insetarRecetasBDD(recetas: List<Receta>)","com.example.receapp.MainActivity.insetarRecetasBDD"]},{"name":"fun isAlergenoSeleccionado(aler: String): Boolean","description":"com.example.receapp.Fragments.FilterFragment.isAlergenoSeleccionado","location":"app/com.example.receapp.Fragments/-filter-fragment/is-alergeno-seleccionado.html","searchKeys":["isAlergenoSeleccionado","fun isAlergenoSeleccionado(aler: String): Boolean","com.example.receapp.Fragments.FilterFragment.isAlergenoSeleccionado"]},{"name":"fun isAppInBackground(): Boolean","description":"com.example.receapp.Activities.PreparacionActivity.isAppInBackground","location":"app/com.example.receapp.Activities/-preparacion-activity/is-app-in-background.html","searchKeys":["isAppInBackground","fun isAppInBackground(): Boolean","com.example.receapp.Activities.PreparacionActivity.isAppInBackground"]},{"name":"fun mostrarNotificacion()","description":"com.example.receapp.Activities.PreparacionActivity.mostrarNotificacion","location":"app/com.example.receapp.Activities/-preparacion-activity/mostrar-notificacion.html","searchKeys":["mostrarNotificacion","fun mostrarNotificacion()","com.example.receapp.Activities.PreparacionActivity.mostrarNotificacion"]},{"name":"fun mostrarReceta(recetaModel: Receta)","description":"com.example.receapp.adapter.RecetaViewHolder.mostrarReceta","location":"app/com.example.receapp.adapter/-receta-view-holder/mostrar-receta.html","searchKeys":["mostrarReceta","fun mostrarReceta(recetaModel: Receta)","com.example.receapp.adapter.RecetaViewHolder.mostrarReceta"]},{"name":"fun playSound()","description":"com.example.receapp.Activities.PreparacionActivity.playSound","location":"app/com.example.receapp.Activities/-preparacion-activity/play-sound.html","searchKeys":["playSound","fun playSound()","com.example.receapp.Activities.PreparacionActivity.playSound"]},{"name":"fun preparacionReceta(receta: Receta)","description":"com.example.receapp.Activities.RecetaActivity.preparacionReceta","location":"app/com.example.receapp.Activities/-receta-activity/preparacion-receta.html","searchKeys":["preparacionReceta","fun preparacionReceta(receta: Receta)","com.example.receapp.Activities.RecetaActivity.preparacionReceta"]},{"name":"fun recetasBDD(db: SQLiteDatabase): List<Receta>","description":"com.example.receapp.MainActivity.recetasBDD","location":"app/com.example.receapp/-main-activity/recetas-b-d-d.html","searchKeys":["recetasBDD","fun recetasBDD(db: SQLiteDatabase): List<Receta>","com.example.receapp.MainActivity.recetasBDD"]},{"name":"fun render(recetaModel: Receta)","description":"com.example.receapp.adapter.RecetaViewHolder.render","location":"app/com.example.receapp.adapter/-receta-view-holder/render.html","searchKeys":["render","fun render(recetaModel: Receta)","com.example.receapp.adapter.RecetaViewHolder.render"]},{"name":"fun reproducirTexto()","description":"com.example.receapp.Activities.PreparacionActivity.reproducirTexto","location":"app/com.example.receapp.Activities/-preparacion-activity/reproducir-texto.html","searchKeys":["reproducirTexto","fun reproducirTexto()","com.example.receapp.Activities.PreparacionActivity.reproducirTexto"]},{"name":"fun retrocederPaso()","description":"com.example.receapp.Activities.PreparacionActivity.retrocederPaso","location":"app/com.example.receapp.Activities/-preparacion-activity/retroceder-paso.html","searchKeys":["retrocederPaso","fun retrocederPaso()","com.example.receapp.Activities.PreparacionActivity.retrocederPaso"]},{"name":"fun showFilterDialog()","description":"com.example.receapp.MainActivity.showFilterDialog","location":"app/com.example.receapp/-main-activity/show-filter-dialog.html","searchKeys":["showFilterDialog","fun showFilterDialog()","com.example.receapp.MainActivity.showFilterDialog"]},{"name":"fun startTimer(minutes: Long)","description":"com.example.receapp.Activities.PreparacionActivity.startTimer","location":"app/com.example.receapp.Activities/-preparacion-activity/start-timer.html","searchKeys":["startTimer","fun startTimer(minutes: Long)","com.example.receapp.Activities.PreparacionActivity.startTimer"]},{"name":"fun stopMediaPlayer()","description":"com.example.receapp.Activities.PreparacionActivity.stopMediaPlayer","location":"app/com.example.receapp.Activities/-preparacion-activity/stop-media-player.html","searchKeys":["stopMediaPlayer","fun stopMediaPlayer()","com.example.receapp.Activities.PreparacionActivity.stopMediaPlayer"]},{"name":"fun updateRecetas(recetas: List<Receta>)","description":"com.example.receapp.adapter.RecetaAdapter.updateRecetas","location":"app/com.example.receapp.adapter/-receta-adapter/update-recetas.html","searchKeys":["updateRecetas","fun updateRecetas(recetas: List<Receta>)","com.example.receapp.adapter.RecetaAdapter.updateRecetas"]},{"name":"fun valueOf(value: String): Alergenos","description":"com.example.receapp.Clases.Alergenos.valueOf","location":"app/com.example.receapp.Clases/-alergenos/value-of.html","searchKeys":["valueOf","fun valueOf(value: String): Alergenos","com.example.receapp.Clases.Alergenos.valueOf"]},{"name":"fun valueOf(value: String): Dificultad","description":"com.example.receapp.Clases.Dificultad.valueOf","location":"app/com.example.receapp.Clases/-dificultad/value-of.html","searchKeys":["valueOf","fun valueOf(value: String): Dificultad","com.example.receapp.Clases.Dificultad.valueOf"]},{"name":"fun valueOf(value: String): Tipo","description":"com.example.receapp.Clases.Tipo.valueOf","location":"app/com.example.receapp.Clases/-tipo/value-of.html","searchKeys":["valueOf","fun valueOf(value: String): Tipo","com.example.receapp.Clases.Tipo.valueOf"]},{"name":"fun values(): Array<Alergenos>","description":"com.example.receapp.Clases.Alergenos.values","location":"app/com.example.receapp.Clases/-alergenos/values.html","searchKeys":["values","fun values(): Array<Alergenos>","com.example.receapp.Clases.Alergenos.values"]},{"name":"fun values(): Array<Dificultad>","description":"com.example.receapp.Clases.Dificultad.values","location":"app/com.example.receapp.Clases/-dificultad/values.html","searchKeys":["values","fun values(): Array<Dificultad>","com.example.receapp.Clases.Dificultad.values"]},{"name":"fun values(): Array<Tipo>","description":"com.example.receapp.Clases.Tipo.values","location":"app/com.example.receapp.Clases/-tipo/values.html","searchKeys":["values","fun values(): Array<Tipo>","com.example.receapp.Clases.Tipo.values"]},{"name":"interface DialogFragmentListener","description":"com.example.receapp.DialogFragmentListener","location":"app/com.example.receapp/-dialog-fragment-listener/index.html","searchKeys":["DialogFragmentListener","interface DialogFragmentListener","com.example.receapp.DialogFragmentListener"]},{"name":"lateinit var adapter: RecetaAdapter","description":"com.example.receapp.MainActivity.adapter","location":"app/com.example.receapp/-main-activity/adapter.html","searchKeys":["adapter","lateinit var adapter: RecetaAdapter","com.example.receapp.MainActivity.adapter"]},{"name":"lateinit var alergenosLinearLayout: LinearLayout","description":"com.example.receapp.Fragments.FilterFragment.alergenosLinearLayout","location":"app/com.example.receapp.Fragments/-filter-fragment/alergenos-linear-layout.html","searchKeys":["alergenosLinearLayout","lateinit var alergenosLinearLayout: LinearLayout","com.example.receapp.Fragments.FilterFragment.alergenosLinearLayout"]},{"name":"lateinit var audioManager: AudioManager","description":"com.example.receapp.Activities.PreparacionActivity.audioManager","location":"app/com.example.receapp.Activities/-preparacion-activity/audio-manager.html","searchKeys":["audioManager","lateinit var audioManager: AudioManager","com.example.receapp.Activities.PreparacionActivity.audioManager"]},{"name":"lateinit var binding: <Error class: unknown class>","description":"com.example.receapp.Activities.PreparacionActivity.binding","location":"app/com.example.receapp.Activities/-preparacion-activity/binding.html","searchKeys":["binding","lateinit var binding: <Error class: unknown class>","com.example.receapp.Activities.PreparacionActivity.binding"]},{"name":"lateinit var binding: <Error class: unknown class>","description":"com.example.receapp.Activities.RecetaActivity.binding","location":"app/com.example.receapp.Activities/-receta-activity/binding.html","searchKeys":["binding","lateinit var binding: <Error class: unknown class>","com.example.receapp.Activities.RecetaActivity.binding"]},{"name":"lateinit var binding: <Error class: unknown class>","description":"com.example.receapp.MainActivity.binding","location":"app/com.example.receapp/-main-activity/binding.html","searchKeys":["binding","lateinit var binding: <Error class: unknown class>","com.example.receapp.MainActivity.binding"]},{"name":"lateinit var btnAnterior: Button","description":"com.example.receapp.Activities.PreparacionActivity.btnAnterior","location":"app/com.example.receapp.Activities/-preparacion-activity/btn-anterior.html","searchKeys":["btnAnterior","lateinit var btnAnterior: Button","com.example.receapp.Activities.PreparacionActivity.btnAnterior"]},{"name":"lateinit var btnAsistente: Button","description":"com.example.receapp.Activities.PreparacionActivity.btnAsistente","location":"app/com.example.receapp.Activities/-preparacion-activity/btn-asistente.html","searchKeys":["btnAsistente","lateinit var btnAsistente: Button","com.example.receapp.Activities.PreparacionActivity.btnAsistente"]},{"name":"lateinit var btnSiguiente: Button","description":"com.example.receapp.Activities.PreparacionActivity.btnSiguiente","location":"app/com.example.receapp.Activities/-preparacion-activity/btn-siguiente.html","searchKeys":["btnSiguiente","lateinit var btnSiguiente: Button","com.example.receapp.Activities.PreparacionActivity.btnSiguiente"]},{"name":"lateinit var btnStop: Button","description":"com.example.receapp.Activities.PreparacionActivity.btnStop","location":"app/com.example.receapp.Activities/-preparacion-activity/btn-stop.html","searchKeys":["btnStop","lateinit var btnStop: Button","com.example.receapp.Activities.PreparacionActivity.btnStop"]},{"name":"lateinit var db: SQLiteDatabase","description":"com.example.receapp.MainActivity.db","location":"app/com.example.receapp/-main-activity/db.html","searchKeys":["db","lateinit var db: SQLiteDatabase","com.example.receapp.MainActivity.db"]},{"name":"lateinit var dbHelper: DBHelper","description":"com.example.receapp.MainActivity.dbHelper","location":"app/com.example.receapp/-main-activity/db-helper.html","searchKeys":["dbHelper","lateinit var dbHelper: DBHelper","com.example.receapp.MainActivity.dbHelper"]},{"name":"lateinit var linearTemp: LinearLayout","description":"com.example.receapp.Activities.PreparacionActivity.linearTemp","location":"app/com.example.receapp.Activities/-preparacion-activity/linear-temp.html","searchKeys":["linearTemp","lateinit var linearTemp: LinearLayout","com.example.receapp.Activities.PreparacionActivity.linearTemp"]},{"name":"lateinit var listener: DialogFragmentListener","description":"com.example.receapp.Fragments.FilterFragment.listener","location":"app/com.example.receapp.Fragments/-filter-fragment/listener.html","searchKeys":["listener","lateinit var listener: DialogFragmentListener","com.example.receapp.Fragments.FilterFragment.listener"]},{"name":"lateinit var mediaPlayer: MediaPlayer","description":"com.example.receapp.Activities.PreparacionActivity.mediaPlayer","location":"app/com.example.receapp.Activities/-preparacion-activity/media-player.html","searchKeys":["mediaPlayer","lateinit var mediaPlayer: MediaPlayer","com.example.receapp.Activities.PreparacionActivity.mediaPlayer"]},{"name":"lateinit var pasosAdapter: PasosAdapter","description":"com.example.receapp.Activities.PreparacionActivity.pasosAdapter","location":"app/com.example.receapp.Activities/-preparacion-activity/pasos-adapter.html","searchKeys":["pasosAdapter","lateinit var pasosAdapter: PasosAdapter","com.example.receapp.Activities.PreparacionActivity.pasosAdapter"]},{"name":"lateinit var speechRecognizer: SpeechRecognizer","description":"com.example.receapp.Activities.PreparacionActivity.speechRecognizer","location":"app/com.example.receapp.Activities/-preparacion-activity/speech-recognizer.html","searchKeys":["speechRecognizer","lateinit var speechRecognizer: SpeechRecognizer","com.example.receapp.Activities.PreparacionActivity.speechRecognizer"]},{"name":"lateinit var textToSpech: TextToSpeech","description":"com.example.receapp.Activities.PreparacionActivity.textToSpech","location":"app/com.example.receapp.Activities/-preparacion-activity/text-to-spech.html","searchKeys":["textToSpech","lateinit var textToSpech: TextToSpeech","com.example.receapp.Activities.PreparacionActivity.textToSpech"]},{"name":"lateinit var timerTextView: TextView","description":"com.example.receapp.Activities.PreparacionActivity.timerTextView","location":"app/com.example.receapp.Activities/-preparacion-activity/timer-text-view.html","searchKeys":["timerTextView","lateinit var timerTextView: TextView","com.example.receapp.Activities.PreparacionActivity.timerTextView"]},{"name":"lateinit var viewPager: ViewPager","description":"com.example.receapp.Activities.PreparacionActivity.viewPager","location":"app/com.example.receapp.Activities/-preparacion-activity/view-pager.html","searchKeys":["viewPager","lateinit var viewPager: ViewPager","com.example.receapp.Activities.PreparacionActivity.viewPager"]},{"name":"object Companion","description":"com.example.receapp.DBHelper.Companion","location":"app/com.example.receapp/-d-b-helper/-companion/index.html","searchKeys":["Companion","object Companion","com.example.receapp.DBHelper.Companion"]},{"name":"object Companion","description":"com.example.receapp.DataBase.RecetaProvider.Companion","location":"app/com.example.receapp.DataBase/-receta-provider/-companion/index.html","searchKeys":["Companion","object Companion","com.example.receapp.DataBase.RecetaProvider.Companion"]},{"name":"open override fun destroyItem(container: ViewGroup, position: Int, object: Any)","description":"com.example.receapp.adapter.PasosAdapter.destroyItem","location":"app/com.example.receapp.adapter/-pasos-adapter/destroy-item.html","searchKeys":["destroyItem","open override fun destroyItem(container: ViewGroup, position: Int, object: Any)","com.example.receapp.adapter.PasosAdapter.destroyItem"]},{"name":"open override fun getCount(): Int","description":"com.example.receapp.adapter.PasosAdapter.getCount","location":"app/com.example.receapp.adapter/-pasos-adapter/get-count.html","searchKeys":["getCount","open override fun getCount(): Int","com.example.receapp.adapter.PasosAdapter.getCount"]},{"name":"open override fun getItemCount(): Int","description":"com.example.receapp.adapter.RecetaAdapter.getItemCount","location":"app/com.example.receapp.adapter/-receta-adapter/get-item-count.html","searchKeys":["getItemCount","open override fun getItemCount(): Int","com.example.receapp.adapter.RecetaAdapter.getItemCount"]},{"name":"open override fun instantiateItem(container: ViewGroup, position: Int): Any","description":"com.example.receapp.adapter.PasosAdapter.instantiateItem","location":"app/com.example.receapp.adapter/-pasos-adapter/instantiate-item.html","searchKeys":["instantiateItem","open override fun instantiateItem(container: ViewGroup, position: Int): Any","com.example.receapp.adapter.PasosAdapter.instantiateItem"]},{"name":"open override fun isViewFromObject(view: View, object: Any): Boolean","description":"com.example.receapp.adapter.PasosAdapter.isViewFromObject","location":"app/com.example.receapp.adapter/-pasos-adapter/is-view-from-object.html","searchKeys":["isViewFromObject","open override fun isViewFromObject(view: View, object: Any): Boolean","com.example.receapp.adapter.PasosAdapter.isViewFromObject"]},{"name":"open override fun onAttach(context: Context)","description":"com.example.receapp.Fragments.FilterFragment.onAttach","location":"app/com.example.receapp.Fragments/-filter-fragment/on-attach.html","searchKeys":["onAttach","open override fun onAttach(context: Context)","com.example.receapp.Fragments.FilterFragment.onAttach"]},{"name":"open override fun onBackPressed()","description":"com.example.receapp.Activities.PreparacionActivity.onBackPressed","location":"app/com.example.receapp.Activities/-preparacion-activity/on-back-pressed.html","searchKeys":["onBackPressed","open override fun onBackPressed()","com.example.receapp.Activities.PreparacionActivity.onBackPressed"]},{"name":"open override fun onBindViewHolder(holder: RecetaViewHolder, position: Int)","description":"com.example.receapp.adapter.RecetaAdapter.onBindViewHolder","location":"app/com.example.receapp.adapter/-receta-adapter/on-bind-view-holder.html","searchKeys":["onBindViewHolder","open override fun onBindViewHolder(holder: RecetaViewHolder, position: Int)","com.example.receapp.adapter.RecetaAdapter.onBindViewHolder"]},{"name":"open override fun onCreate(db: SQLiteDatabase)","description":"com.example.receapp.DBHelper.onCreate","location":"app/com.example.receapp/-d-b-helper/on-create.html","searchKeys":["onCreate","open override fun onCreate(db: SQLiteDatabase)","com.example.receapp.DBHelper.onCreate"]},{"name":"open override fun onCreateDialog(savedInstanceState: Bundle?): Dialog","description":"com.example.receapp.Fragments.FilterFragment.onCreateDialog","location":"app/com.example.receapp.Fragments/-filter-fragment/on-create-dialog.html","searchKeys":["onCreateDialog","open override fun onCreateDialog(savedInstanceState: Bundle?): Dialog","com.example.receapp.Fragments.FilterFragment.onCreateDialog"]},{"name":"open override fun onCreateOptionsMenu(menu: Menu?): Boolean","description":"com.example.receapp.MainActivity.onCreateOptionsMenu","location":"app/com.example.receapp/-main-activity/on-create-options-menu.html","searchKeys":["onCreateOptionsMenu","open override fun onCreateOptionsMenu(menu: Menu?): Boolean","com.example.receapp.MainActivity.onCreateOptionsMenu"]},{"name":"open override fun onCreateViewHolder(parent: ViewGroup, viewType: Int): RecetaViewHolder","description":"com.example.receapp.adapter.RecetaAdapter.onCreateViewHolder","location":"app/com.example.receapp.adapter/-receta-adapter/on-create-view-holder.html","searchKeys":["onCreateViewHolder","open override fun onCreateViewHolder(parent: ViewGroup, viewType: Int): RecetaViewHolder","com.example.receapp.adapter.RecetaAdapter.onCreateViewHolder"]},{"name":"open override fun onOptionsItemSelected(item: MenuItem): Boolean","description":"com.example.receapp.Activities.PreparacionActivity.onOptionsItemSelected","location":"app/com.example.receapp.Activities/-preparacion-activity/on-options-item-selected.html","searchKeys":["onOptionsItemSelected","open override fun onOptionsItemSelected(item: MenuItem): Boolean","com.example.receapp.Activities.PreparacionActivity.onOptionsItemSelected"]},{"name":"open override fun onOptionsItemSelected(item: MenuItem): Boolean","description":"com.example.receapp.MainActivity.onOptionsItemSelected","location":"app/com.example.receapp/-main-activity/on-options-item-selected.html","searchKeys":["onOptionsItemSelected","open override fun onOptionsItemSelected(item: MenuItem): Boolean","com.example.receapp.MainActivity.onOptionsItemSelected"]},{"name":"open override fun onPositiveButtonClicked(value: Tipo?, alergenos: List<String>)","description":"com.example.receapp.MainActivity.onPositiveButtonClicked","location":"app/com.example.receapp/-main-activity/on-positive-button-clicked.html","searchKeys":["onPositiveButtonClicked","open override fun onPositiveButtonClicked(value: Tipo?, alergenos: List<String>)","com.example.receapp.MainActivity.onPositiveButtonClicked"]},{"name":"open override fun onUpgrade(db: SQLiteDatabase, oldVersion: Int, newVersion: Int)","description":"com.example.receapp.DBHelper.onUpgrade","location":"app/com.example.receapp/-d-b-helper/on-upgrade.html","searchKeys":["onUpgrade","open override fun onUpgrade(db: SQLiteDatabase, oldVersion: Int, newVersion: Int)","com.example.receapp.DBHelper.onUpgrade"]},{"name":"open override fun transformPage(view: View, position: Float)","description":"com.example.receapp.Activities.DepthPageTransformer.transformPage","location":"app/com.example.receapp.Activities/-depth-page-transformer/transform-page.html","searchKeys":["transformPage","open override fun transformPage(view: View, position: Float)","com.example.receapp.Activities.DepthPageTransformer.transformPage"]},{"name":"val TABLE_NAME: String","description":"com.example.receapp.MainActivity.TABLE_NAME","location":"app/com.example.receapp/-main-activity/-t-a-b-l-e_-n-a-m-e.html","searchKeys":["TABLE_NAME","val TABLE_NAME: String","com.example.receapp.MainActivity.TABLE_NAME"]},{"name":"val alergenos: List<Alergenos>","description":"com.example.receapp.Clases.Receta.alergenos","location":"app/com.example.receapp.Clases/-receta/alergenos.html","searchKeys":["alergenos","val alergenos: List<Alergenos>","com.example.receapp.Clases.Receta.alergenos"]},{"name":"val binding: <Error class: unknown class>","description":"com.example.receapp.adapter.RecetaViewHolder.binding","location":"app/com.example.receapp.adapter/-receta-view-holder/binding.html","searchKeys":["binding","val binding: <Error class: unknown class>","com.example.receapp.adapter.RecetaViewHolder.binding"]},{"name":"val dificultad: Dificultad","description":"com.example.receapp.Clases.Receta.dificultad","location":"app/com.example.receapp.Clases/-receta/dificultad.html","searchKeys":["dificultad","val dificultad: Dificultad","com.example.receapp.Clases.Receta.dificultad"]},{"name":"val duracion: Int","description":"com.example.receapp.Clases.Receta.duracion","location":"app/com.example.receapp.Clases/-receta/duracion.html","searchKeys":["duracion","val duracion: Int","com.example.receapp.Clases.Receta.duracion"]},{"name":"val imagen: String","description":"com.example.receapp.Clases.Receta.imagen","location":"app/com.example.receapp.Clases/-receta/imagen.html","searchKeys":["imagen","val imagen: String","com.example.receapp.Clases.Receta.imagen"]},{"name":"val ingredientes: List<String>","description":"com.example.receapp.Clases.Receta.ingredientes","location":"app/com.example.receapp.Clases/-receta/ingredientes.html","searchKeys":["ingredientes","val ingredientes: List<String>","com.example.receapp.Clases.Receta.ingredientes"]},{"name":"val nombre: String","description":"com.example.receapp.Clases.Receta.nombre","location":"app/com.example.receapp.Clases/-receta/nombre.html","searchKeys":["nombre","val nombre: String","com.example.receapp.Clases.Receta.nombre"]},{"name":"val pasos: List<String>","description":"com.example.receapp.Clases.Receta.pasos","location":"app/com.example.receapp.Clases/-receta/pasos.html","searchKeys":["pasos","val pasos: List<String>","com.example.receapp.Clases.Receta.pasos"]},{"name":"val tipo: Tipo","description":"com.example.receapp.Clases.Receta.tipo","location":"app/com.example.receapp.Clases/-receta/tipo.html","searchKeys":["tipo","val tipo: Tipo","com.example.receapp.Clases.Receta.tipo"]},{"name":"var alergenos: MutableList<String>","description":"com.example.receapp.Fragments.FilterFragment.alergenos","location":"app/com.example.receapp.Fragments/-filter-fragment/alergenos.html","searchKeys":["alergenos","var alergenos: MutableList<String>","com.example.receapp.Fragments.FilterFragment.alergenos"]},{"name":"var alergenosList: List<String>","description":"com.example.receapp.MainActivity.alergenosList","location":"app/com.example.receapp/-main-activity/alergenos-list.html","searchKeys":["alergenosList","var alergenosList: List<String>","com.example.receapp.MainActivity.alergenosList"]},{"name":"var currentVolume: Int","description":"com.example.receapp.Activities.PreparacionActivity.currentVolume","location":"app/com.example.receapp.Activities/-preparacion-activity/current-volume.html","searchKeys":["currentVolume","var currentVolume: Int","com.example.receapp.Activities.PreparacionActivity.currentVolume"]},{"name":"var isTimerRunning: Boolean","description":"com.example.receapp.Activities.PreparacionActivity.isTimerRunning","location":"app/com.example.receapp.Activities/-preparacion-activity/is-timer-running.html","searchKeys":["isTimerRunning","var isTimerRunning: Boolean","com.example.receapp.Activities.PreparacionActivity.isTimerRunning"]},{"name":"var listaRecetas: List<Receta>","description":"com.example.receapp.MainActivity.listaRecetas","location":"app/com.example.receapp/-main-activity/lista-recetas.html","searchKeys":["listaRecetas","var listaRecetas: List<Receta>","com.example.receapp.MainActivity.listaRecetas"]},{"name":"var listaRecetasBDD: List<Receta>","description":"com.example.receapp.MainActivity.listaRecetasBDD","location":"app/com.example.receapp/-main-activity/lista-recetas-b-d-d.html","searchKeys":["listaRecetasBDD","var listaRecetasBDD: List<Receta>","com.example.receapp.MainActivity.listaRecetasBDD"]},{"name":"var llmanager: LinearLayoutManager","description":"com.example.receapp.MainActivity.llmanager","location":"app/com.example.receapp/-main-activity/llmanager.html","searchKeys":["llmanager","var llmanager: LinearLayoutManager","com.example.receapp.MainActivity.llmanager"]},{"name":"var pasos: List<String>","description":"com.example.receapp.Activities.PreparacionActivity.pasos","location":"app/com.example.receapp.Activities/-preparacion-activity/pasos.html","searchKeys":["pasos","var pasos: List<String>","com.example.receapp.Activities.PreparacionActivity.pasos"]},{"name":"var posActual: Int","description":"com.example.receapp.Activities.PreparacionActivity.posActual","location":"app/com.example.receapp.Activities/-preparacion-activity/pos-actual.html","searchKeys":["posActual","var posActual: Int","com.example.receapp.Activities.PreparacionActivity.posActual"]},{"name":"var receta: Receta","description":"com.example.receapp.Activities.PreparacionActivity.receta","location":"app/com.example.receapp.Activities/-preparacion-activity/receta.html","searchKeys":["receta","var receta: Receta","com.example.receapp.Activities.PreparacionActivity.receta"]},{"name":"var receta: Receta","description":"com.example.receapp.Activities.RecetaActivity.receta","location":"app/com.example.receapp.Activities/-receta-activity/receta.html","searchKeys":["receta","var receta: Receta","com.example.receapp.Activities.RecetaActivity.receta"]},{"name":"var receta: Receta","description":"com.example.receapp.adapter.RecetaViewHolder.receta","location":"app/com.example.receapp.adapter/-receta-view-holder/receta.html","searchKeys":["receta","var receta: Receta","com.example.receapp.adapter.RecetaViewHolder.receta"]},{"name":"var recetas: List<Receta>","description":"com.example.receapp.DataBase.RecetaProvider.Companion.recetas","location":"app/com.example.receapp.DataBase/-receta-provider/-companion/recetas.html","searchKeys":["recetas","var recetas: List<Receta>","com.example.receapp.DataBase.RecetaProvider.Companion.recetas"]},{"name":"var timer: CountDownTimer?","description":"com.example.receapp.Activities.PreparacionActivity.timer","location":"app/com.example.receapp.Activities/-preparacion-activity/timer.html","searchKeys":["timer","var timer: CountDownTimer?","com.example.receapp.Activities.PreparacionActivity.timer"]},{"name":"var tipo: String","description":"com.example.receapp.Fragments.FilterFragment.tipo","location":"app/com.example.receapp.Fragments/-filter-fragment/tipo.html","searchKeys":["tipo","var tipo: String","com.example.receapp.Fragments.FilterFragment.tipo"]},{"name":"var tipoFiltro: String","description":"com.example.receapp.MainActivity.tipoFiltro","location":"app/com.example.receapp/-main-activity/tipo-filtro.html","searchKeys":["tipoFiltro","var tipoFiltro: String","com.example.receapp.MainActivity.tipoFiltro"]}]
